model,batch_size,lr,weight_decay,epochs,patience,mae
1,8,0.01,0.01,300,15,15.824882888793946
2,8,0.01,0.01,300,10,17.315912628173827
4,8,0.01,0.005,300,10,17.53291072845459
3,8,0.01,0.005,300,15,19.911931610107423
