model,batch_size,lr,weight_decay,epochs,patience,mae
2,8,0.01,0.005,300,20,13.532921600341798
5,8,0.05,0.005,300,20,14.519501399993896
3,8,0.01,0.001,300,20,14.690133857727051
6,8,0.05,0.001,300,20,15.009075164794922
1,8,0.01,0.01,300,20,15.098443412780762
4,8,0.05,0.01,300,20,15.999499893188476
9,8,0.001,0.001,300,20,20.23037815093994
8,8,0.001,0.005,300,20,20.41388683319092
7,8,0.001,0.01,300,20,20.592789459228516
